id,created_at,text,media_url
912094836865433601,2017-09-24 23:22:09,RT @UNEP: RT if you agree: #ClimateAction makes sense in any language https://t.co/JrP6TYqi1c,http://pbs.twimg.com/media/DKe16VnWkAAxeIM.jpg
906336412752011264,2017-09-09 02:00:14,RT @DSWT: #GoodNews Elephant populations in Tsavo have increased 8.3% in the past 3 years! https://t.co/83jUnRIng7,http://pbs.twimg.com/media/DIpZNd7WsAAt4dm.jpg
903637165363441665,2017-09-01 15:14:23,RT @salesforce: Diversity Makes Good Business Sense https://t.co/yKXe1P0owE #EqualityForAll https://t.co/j6Uosny4mi,http://pbs.twimg.com/media/DIoww2vUQAIzE-J.jpg
901553207851212800,2017-08-26 21:13:29,Happy #NationalDogDay! @alexisgeo &amp; her sweet rescue pup. https://t.co/5vduJmw8jc,http://pbs.twimg.com/media/DIL12_FV4AACXpj.jpg
863180390432780288,2017-05-12 23:53:36,RT @ClimateReality: Alternative energy. Not #AlternativeFacts. #StandWithReality now: https://t.co/VQq80NhfYa https://t.co/5KMbn6AgBH,http://pbs.twimg.com/media/C_qXGdRWsAAWGbG.jpg
857561834924027904,2017-04-27 11:47:28,RT @nadineweil: Phenomenal TED session today on Planet Protection and climate change #TED2017 https://t.co/G9IXBxZC58,http://pbs.twimg.com/media/C-YFqsXXkAAjyuw.jpg
857038948706668544,2017-04-26 01:09:43,"""Everything is connected,"" @Pontifex #TED2017 https://t.co/ihfosCffJ9",http://pbs.twimg.com/media/C-TQYIuUAAAoskD.jpg
854075533759438848,2017-04-17 20:54:09,RT @TEDxPortland: Ultimately your success will be measured by helping others achieve prosperity. #TEDxPDX #TEDx https://t.co/v4aWOs4tj1,http://pbs.twimg.com/media/C9ebNH5V0AAnUy8.jpg
850216206946648064,2017-04-07 05:18:34,RT @TreeBanker: S&amp;P: #Banks that Ignore #Climate Risk Face #Credit Downgrade https://t.co/mvVj1XBkK2 #GlobalWarming https://t.co/O3zFv69xVm,http://pbs.twimg.com/media/C8yS2S2VoAAPA0H.jpg
847459348766834688,2017-03-30 14:43:48,RT @DoubleODisney: Today I got the opportunity to kick it with a real life Genius. #LupeFiasco #NFS2017 https://t.co/DD0qKo9hVu,http://pbs.twimg.com/media/C7GxdWXVoAAM2N1.jpg
842952586722394112,2017-03-18 04:15:32,RT @trevor_neilson: At #NFS2017 @Khaliya breaks down the terrifying statistics around opioid addiction. https://t.co/sn8jIoESlg,http://pbs.twimg.com/media/C7E8JJ8VwAA-f3w.jpg
842560136614879232,2017-03-17 02:16:05,RT @nearfuturenow: Camaraderie #NFS2017 https://t.co/Hh4BZgPyMz,http://pbs.twimg.com/media/C7FbNcwV4AAsp0M.jpg
842346367351570432,2017-03-16 12:06:38,RT @CarrieMBurke: In the near future: personalized nutritional guidance Neil Grimmer CEO of Habit #NFS2017 https://t.co/WfwxueWR8L,http://pbs.twimg.com/media/C7ADrqlV0AEuJtN.jpg
842345837229355008,2017-03-16 12:04:32,"RT @jamesjoaquin: Near Future is live with Norman Lear, Jessica Yellin, and Jessi Hempel! #NFS2017 https://t.co/YXixXthsyS",http://pbs.twimg.com/media/C6_N3KmVwAAbeUe.jpg
838234307994886144,2017-03-05 03:46:47,#wtbnl moment: @surfair just got better! Flight to LA making new friends. Flight back home running into old! #hooked https://t.co/sxb2hdUQ3z,http://pbs.twimg.com/media/C6IBp2kUoAIStAU.jpg
822464773174349826,2017-01-20 15:24:17,RT @guardian: #GlobalWarning: solar power is cheaper than coal and nuclear https://t.co/3n8F5fS2EE https://t.co/Z4kwwm0Eo0,http://pbs.twimg.com/media/C2h50P7XgAIm8f_.jpg
798220290022981632,2016-11-14 17:45:22,"RT @parleyxxx: Now more than ever before, we need to work together to protect our blue home. #fortheoceans https://t.co/g2Y5UcvUqG",http://pbs.twimg.com/media/CxL7EEZUAAA4SBn.jpg
793511603710722048,2016-11-01 17:54:43,RT @obviousvc: In fashion this Halloween: #worldpositive investing. https://t.co/1Ny0ks8eH0,http://pbs.twimg.com/media/CwHl3NgUMAEp7ZP.jpg
790952985471909888,2016-10-25 16:27:41,A minute of silence for an AI of a deceased start-up founder. #tya2017 is very meta. https://t.co/BhGsY0G8xJ,http://pbs.twimg.com/media/CvoHi4UW8AIIB_g.jpg
789351154933047296,2016-10-21 06:22:35,RT @elamadej: Interesting ideas here at Biomimicry Global Design Challenge pitch night (&amp; @zem judging!) #impacttech https://t.co/9f1sx68AaM,http://pbs.twimg.com/media/CvQTwqVVYAEndlg.jpg
787104663698968576,2016-10-15 01:35:50,RT @nearfuturenow: It's a dreary day in the Bay so here's a #futuristfriday cuddle puddle! https://t.co/c8sQXwC89d,http://pbs.twimg.com/media/Cuwl2kPUEAADSfo.jpg
770441283848384512,2016-08-30 02:01:30,RT @wef: These are the 5 women in the running to be head of the @UN https://t.co/xo8Pt7TWji #gender https://t.co/WG61xTa3QW,http://pbs.twimg.com/media/Cq5DCK2WEAAa4VX.jpg
764956960278052864,2016-08-14 22:48:46,Drinking rescued potato beer @c2ccertified board meeting in #Amsterdam @INSTOCK_NL #nofoodleftbehind #rescuefood https://t.co/shSCGdlSCU,http://pbs.twimg.com/media/Cp2sSafXYAATgcp.jpg
756286958855270401,2016-07-22 00:37:16,"My fabulous husband @jamesjoaquin talking about why he, @ev &amp; @biz invested in @BeyondMeat. #vegan https://t.co/9dIWK0xnHK",http://pbs.twimg.com/media/Cn7e9p-UsAAB1Cx.jpg
712669395412103168,2016-03-23 15:56:39,Happy #NationalPuppyDay #tofuboss https://t.co/EkIPmfEmuf,http://pbs.twimg.com/media/CePpBr1UEAAu3Qj.jpg
710310826767331328,2016-03-17 03:44:32,"Darn, even on the big screen, @Money23Green makes me look tiny! #WarriorsGoGreen tonight https://t.co/3WHJeWx32y",http://pbs.twimg.com/media/CduH7dlUIAAMnZA.jpg
708750655196770304,2016-03-12 20:24:58,RT @NikkiReed_I_Am: Interesting conversation about what millennials want... #nearfuturesummit @zem https://t.co/9yrjSsCoAY,http://pbs.twimg.com/media/CdX4cYCWwAEVQrD.jpg
708454277216215041,2016-03-12 00:47:16,RT @ana_maiques: Thanks @zem for putting all your heart and passion in such an amazing event #nearfuturesummit https://t.co/3t8L3Vg0nL,http://pbs.twimg.com/media/CdTvKR0UkAAMs7L.jpg
708447632620793856,2016-03-12 00:20:52,RT @ana_maiques: Ready to take stage at #nearfuturesummit @Neuroelectrics let's create thefuture https://t.co/Y0Fvt5Z57t,http://pbs.twimg.com/media/CdShJ_zUAAQv2s1.jpg
708447268718817284,2016-03-12 00:19:25,"RT @jamesjoaquin: Welcome to vat-grown beef, coming to your kitchen in the #NearFuture @MemphisMeats https://t.co/5RambDMEgH",http://pbs.twimg.com/media/CdNLlGWUUAAoQ1s.jpg
708426270703427584,2016-03-11 22:55:59,RT @alex01: @adamgazz using #videogames to enhance the mind #NearFuture #VR #games #neuroscience @UCSF https://t.co/Qra9wpkjHQ,http://pbs.twimg.com/media/CdS-NsSUkAAy3fC.jpg
708384579128668160,2016-03-11 20:10:19,RT @BruceHecht: @adamgazz : @nearfuturenow on the intersection of #AI and #brainscience hosted by @zem #NearFuture https://t.co/oL7hhFFMft,http://pbs.twimg.com/media/CdSlXIOVAAA_g_d.jpg
708125753821437952,2016-03-11 03:01:50,"RT @obviousvc: Linda Avey, co-founder of 23andMe, launches her new startup @WeAreCurious at #NearFuture https://t.co/on93655WDs",http://pbs.twimg.com/media/CdOwGI8VAAA7FZa.jpg
707992218913472513,2016-03-10 18:11:13,RT @obviousvc: Dr. Caitlin Powers showing the Solsource solar stove at #NearFuture @OneEarthDesigns https://t.co/4QbENgR9jD,http://pbs.twimg.com/media/CdNCwaFVAAAtA62.jpg
707754255248003072,2016-03-10 02:25:38,RT @ariannahuff: At #NearFuture organized by my great friend @zem in #LaJolla w @Ev and @davepell from @NextDraft. https://t.co/jVGtSlE93R,http://pbs.twimg.com/media/CdJwGq7XIAE3TQa.jpg
707746806906552320,2016-03-10 01:56:02,RT @tiffanyshlain: Fantastic opening for @nearfuturenow conference by badass @zem #worldpositive https://t.co/bnKEHENkbB,http://pbs.twimg.com/media/CdJpgz4WIAQsCu-.jpg
707715954432561152,2016-03-09 23:53:26,RT @nadineweil: The opening of the @nearfuturenow summit. Congrats @zem! #worldpositive https://t.co/TfdHHfnqLB,http://pbs.twimg.com/media/CdJOQX1UEAAhJ7v.jpg
701090909165789184,2016-02-20 17:07:53,RT @climatebabes: #WorldOceansDay   more climatebabes : https://t.co/LaTLxUGBVD https://t.co/3mf4GWmmLY,http://pbs.twimg.com/media/CbofliWXIAA-AFu.jpg
700036532367859712,2016-02-17 19:18:10,Honored to be hosting #TED2016 live stream @theCenter #TEDSF. Share your #myTEDdream for the future. https://t.co/7HO1IQ22bJ,http://pbs.twimg.com/media/CbcHgu3UUAA6M5r.jpg
688016692727951360,2016-01-15 15:15:36,RT @BreakingPlastic: 6 reasons for eliminating plastic. #plastic #environment @5gyres @PlasticPollutes @implicitweet https://t.co/80zQEveWJu,http://pbs.twimg.com/media/CYul522UsAAwDUo.png
681180079657861120,2015-12-27 18:29:21,"RT @LeilaniMunter: Check mate, fossil fuels. #COP21 #ParisAgreement https://t.co/XkzFviCXwn",http://pbs.twimg.com/media/CWDmudWUsAAqZG8.jpg
680120556906127360,2015-12-24 20:19:11,"RT @DSWT: This year, DSWT/KWS Vet Units treated &gt;195 injured #elephants, relieving them from unimaginable suffering https://t.co/OBFfxNoGvL",http://pbs.twimg.com/media/CW_I3puWEAAjOCp.jpg
627079013513695232,2015-07-31 11:31:02,RT @whatsyurimpact: Cracking the code of #recycling http://t.co/G9EAu0xbvR http://t.co/qd9H7IpLZd,http://pbs.twimg.com/media/CLMLK-cXAAA12IL.jpg
622421819014774784,2015-07-18 15:05:00,RT @whatsyurimpact: Which Plug-In Is Right for You? Take This Short Quiz to Find Out #PEV http://t.co/04XIDPN5kb http://t.co/1iux9spDTF,http://pbs.twimg.com/media/CKMg2pNWwAA__SL.png
622284495228547072,2015-07-18 05:59:19,RT @ShiCooks: New Study: How #Climate Change Is Wiping Out #Bumblebees http://t.co/mcQrlmNjKS #bees #science http://t.co/4ZMkOyV07Y RT @Ale‚Ä¶,http://pbs.twimg.com/media/CJf6tP4UAAAb_M_.jpg
621902921446232064,2015-07-17 04:43:05,"RT @BrittMichaelian: Alison Pincus.- ( Co-Founder, One Kings Lane) Women Leaders #quote
https://t.co/FQRwpsxQY9 http://t.co/xK3XkpiTUD",http://pbs.twimg.com/media/CKAecxoWcAE0leB.jpg
621320446777036800,2015-07-15 14:08:32,"RT @ClimateReality: ""We must set a timetable for change.‚Äù Retweet if you agree with @DalaiLama on the #RoadToParis. http://t.co/lgq86yA4Bz",http://pbs.twimg.com/media/CJ8AjFFWsAA0mRP.jpg
621320315893776385,2015-07-15 14:08:01,RT @Jackthelad1947: Is this the wind turbines @TonyAbbott finds so obscene? #Auspol #WApol #NSWpol Just beautiful üíûüåèüíû http://t.co/dJMUhKVJvV,http://pbs.twimg.com/media/CJsrpxOUAAAhWaS.jpg
540719668374163457,2014-12-05 04:09:49,RT @JimHarris: Most Muscled Animal in the Jungle is #Vegan. Love this Bizzarro #Cartoon! #Vegetarian http://t.co/jrN8XMYd6y,http://pbs.twimg.com/media/B4ECVT-IgAA7jwR.jpg
536958882283651072,2014-11-24 19:05:48,RT @Expo2015Milano: Discover our Instagram account http://t.co/lgraLBI12f #StreetFood #Food http://t.co/RJt1ZhVjjz,http://pbs.twimg.com/media/B3NAwVzCQAAltoV.jpg
536016586016972800,2014-11-22 04:41:27,Let's all join the incredible @goldiehawn #HawnFoundation for her birthday. @MindUP4Success is life changing. http://t.co/UtUdrRLKgD,http://pbs.twimg.com/media/B3BQOXkCQAE9toH.jpg
535480404078112768,2014-11-20 17:10:51,"Woo hoo, found some #organic brew (coffee) #LAAutoShow http://t.co/QTtVdwgNyW",http://pbs.twimg.com/media/B25oleRCYAAj0Su.jpg
529846751847804928,2014-11-05 04:04:44,Thrilled to be w/ @mcj2samuel at the exciting premier of #MasterChefJR! Tune in now: @fox 8pm http://t.co/DRfGDnQ6kw http://t.co/TIneg1HD1U,http://pbs.twimg.com/media/B1pkvt0CcAEK51a.jpg
527670573447802880,2014-10-30 03:57:23,RT @jeremygutsche: 16 Scary Places to Visit - From Undead Eateries to Haunted Hotels http://t.co/uRQm42D9ZD #World http://t.co/KrBCsbdn7Q,http://pbs.twimg.com/media/B1KotZeIIAA8LJt.jpg
527670029232664576,2014-10-30 03:55:13,RT @jamesjoaquin: #madbum #MVP http://t.co/kUXXQ9pkJF,http://pbs.twimg.com/media/B1KpD4LCIAAKsXf.jpg
513418058459664385,2014-09-20 20:02:58,At @dawncai624 is right. @FoSTorg is amazing #fost2014 looks like best ever! #futureofstorytelling #snugharbor http://t.co/vtH6VoV9zT,http://pbs.twimg.com/media/Bx_-PgdCIAIMwjV.jpg
511513034431283200,2014-09-15 13:53:05,#LevisStadium is beautiful! Most beautiful feature? The @nrgenergy solar terrace! @jamesjoaquin agrees! http://t.co/p7gftC9fhd,http://pbs.twimg.com/media/BxlCZN8CMAAhTX7.jpg
505782678457573376,2014-08-30 18:22:42,"Fun #tailgating on @goodmorningsd. @DanPlante, thx to ""nominative determinism?"" loves @BeyondMeat &amp; @MBUSA B-class! http://t.co/jjKSL0GY0p",http://pbs.twimg.com/media/BwTmqmhCAAABjwc.jpg
505618814483324928,2014-08-30 07:31:33,KCAL is a wrap. Talking about @ecofabulous #tailgating on @GoodMorningSD at 8:20am. +see the new #EV @MBUSA B-Class! http://t.co/1KecboJQZ1,http://pbs.twimg.com/media/BwRRobPIEAAK5UT.jpg
503197540951814145,2014-08-23 15:10:17,Obsessed w/ the outdoor gym @BardessonoHotel in #yountville. I need it after indulging in all that's organic &amp; local http://t.co/1bVcX7rJSG,http://pbs.twimg.com/media/Bvu3frYCIAEJ6BB.jpg
483491490442649600,2014-06-30 06:05:28,Final #supercharger on emission &amp; gas-free 4 girl road trip. Love @TeslaMotors! Could have made it in 2 30 min stops. http://t.co/9IWs320uDG,http://pbs.twimg.com/media/BrW08m5CIAAXRYL.jpg
483308082802352128,2014-06-29 17:56:41,2nd #supercharged @TeslaMotors powered emission/gas-free road trip! http://t.co/1VrAbdHbzk,http://pbs.twimg.com/media/BrUOI7QCUAAY6G3.jpg
482030719695216641,2014-06-26 05:20:53,RT @SirRalphington: Just loungin' after too many birthday treats #miloskitchen #livingthedream http://t.co/0pE1sgpi7E,http://pbs.twimg.com/media/BaDAWTRIMAAJ7n-.jpg
481306462677778432,2014-06-24 05:22:57,RT @BarackObama: Solar energy is more accessible than you think: #ActOnClimate in your own community. #PutSolarOnIt http://t.co/XYJ38HoaQj,http://pbs.twimg.com/media/Bqq98LRIQAAGsSQ.png
480852834800250880,2014-06-22 23:20:24,Meditated in AZ with the spectacular @CharlieKnoles. #feelingblessed #happy #thankful http://t.co/NaMJeTnU5A,http://pbs.twimg.com/media/BqxVGtaCUAI2diY.jpg
478780493593202689,2014-06-17 06:05:39,RT @350: We can't think of a worse place to put a huge coal terminal. Can you? #FightfortheReef http://t.co/flCucsPn4o,http://pbs.twimg.com/media/BqT3h3RIcAAkcDL.jpg
478780350412234753,2014-06-17 06:05:05,RT @Oxfam: Eliminating #inequality &amp; the threat of climate change key to #post2015 goals http://t.co/xYRzUfaqqE #SDGs http://t.co/HzXzGFw94N,http://pbs.twimg.com/media/BqTPU5FCAAASgSR.jpg
477936192449548288,2014-06-14 22:10:42,"RT @hillarybiscay: ""The best things are hard. Invest in the journey. #noshortcuts"" -@richroll #revitalize http://t.co/sIYx7J1e6U",http://pbs.twimg.com/media/BqGzYoACYAA7NZs.jpg
476483422714863616,2014-06-10 21:57:55,I know what project I'm taking on this summer! Psyched to read #SustainableHomebrewing by @amelialoftus http://t.co/1JeGO99g20,http://pbs.twimg.com/media/BpzPJcMCEAAvbGI.jpg
472047770216329216,2014-05-29 16:12:13,RT @bgershon: #codecon ace photog Asa - has a VERY big lens! http://t.co/OsRLxd8OFc,http://pbs.twimg.com/media/Bo0LDH6CcAArGgK.jpg
471859711189331968,2014-05-29 03:44:56,RT @RyanSeacrest: @dickc did u finish the cookie? Great to see u at #codecon http://t.co/cIjHYWUKDz,http://pbs.twimg.com/media/BowvtfgCcAAjmlD.jpg
471855905198194688,2014-05-29 03:29:49,"RT @Recode: ""The NSA doesn't send a muffin basket saying hey welcome to this thing"" - @drewhouston #codecon http://t.co/BiwSBNdzvk",http://pbs.twimg.com/media/Bow0sngIUAEcrTL.png
471851111754645508,2014-05-29 03:10:46,"RT @nectar_rachel: Nice surprise at #codecon. @TheRyanAdams. Covering the Pointer Sisters, no less. http://t.co/AIEoniA1fF",http://pbs.twimg.com/media/BoxZs5LIYAAdKtQ.jpg
471851053789376512,2014-05-29 03:10:32,RT @Recode: Ryan Adams on stage at #codecon http://t.co/Vjpzblnrun,http://pbs.twimg.com/media/BoxZe1OCQAEjyc_.png
471482266330222593,2014-05-28 02:45:06,RT @jamesjoaquin: Crazy Sergey impersonator crashes #codecon! http://t.co/M1qMkAp9bo,http://pbs.twimg.com/media/BosKh2_IAAABlhZ.jpg
471473660180451328,2014-05-28 02:10:54,RT @jamesjoaquin: This was 100% predicted by #HBOSiliconValley . #CodeCon http://t.co/XThhIq0Fek‚Äù,http://pbs.twimg.com/media/BosBKuaCYAAeH9V.jpg
471471736152535040,2014-05-28 02:03:16,RT @Bill_Gross: Google showed new from-scratch self driving car at #CodeCon Pretty amazing: http://t.co/V7smMkD2JT http://t.co/E9tKxGmNOP,http://pbs.twimg.com/media/BosA2NRCMAEBmz7.jpg
471471468870520832,2014-05-28 02:02:12,RT @jguynn: New Google prototype self driving car #codecon http://t.co/ayALjER3UP,http://pbs.twimg.com/media/BosAqYLIMAAGo2V.jpg
471469921730166784,2014-05-28 01:56:03,"Sergey wearing his sungoogleglasses ""now anybody can become a #googleglass explorer! #codecon http://t.co/e1OXWbalR1",http://pbs.twimg.com/media/Bor_ZRtCAAApnKj.jpg
471467531966758912,2014-05-28 01:46:33,.@karaswisher &amp; @WaltMossberg asking Sergey excellent q's...Sergey responding w equal humor &amp; transparency. #codecon http://t.co/AVy3in8n6Z,http://pbs.twimg.com/media/Bor9OK0CUAEGpO2.jpg
471462580809003008,2014-05-28 01:26:53,"Paltrow talking re being an internet celeb #codecon. ""Starts w objectification"" ppl can b cruel without consequences"" http://t.co/pSOVrdXkln",http://pbs.twimg.com/media/Bor4t-jIMAAZwHO.jpg
471453113027526656,2014-05-28 00:49:15,RT @TinaSharkey: Tower of babble solved by microsoft's skype realtime translate pre-beta product demo #codecon http://t.co/NRfatuB6NX,http://pbs.twimg.com/media/BorvwW-IUAAlFy-.jpg
471453014050369536,2014-05-28 00:48:52,RT @ElasticMindsCRC: #Skype real time translation from #MSFT. Ending language barriers!  #codecon @satyanadella http://t.co/XO8qZp1OnW,http://pbs.twimg.com/media/BorvsqRIUAAls4f.jpg
471448925720039424,2014-05-28 00:32:37,Everyone tweeting about the new CEO of Microsoft on their iPhones &amp; Androids. #codecon http://t.co/xek5qVl0FM,http://pbs.twimg.com/media/BorsTIOIQAAo6Sw.jpg
466982852853129217,2014-05-15 16:46:02,RT @theodoracallum: We love that @SophiaBush is sky high wearing @theodoracallum in Cappadocia #Turkey! #tbt http://t.co/8tKtB89xjx,http://pbs.twimg.com/media/BnsNU1sCAAAwnYE.png
466403551800205313,2014-05-14 02:24:06,RT @HeidiCullen: What does the U.S. look like w/ 10ft of sea level rise? Find out: http://t.co/Pz2ZRzQPHb http://t.co/X0rYVHhMWU #climate #‚Ä¶,http://pbs.twimg.com/media/BniENB6CIAAtA5H.jpg
465343837561290752,2014-05-11 04:13:11,Frickin' cool: @DanielHandler aka #lemonysnicket playing accordion for Death Cab for Cutie's @bengibard @826_Valencia http://t.co/EyqSUmnQiW,http://pbs.twimg.com/media/BnU7wLGCUAEhgxf.jpg
464489013521707008,2014-05-08 19:36:25,RT @UNICEF: Every child has the right to play! #childrenofsyria @UNICEFJordan &amp; @MercyCorps playground in #AzraqCamp http://t.co/fOLKbv6izh,http://pbs.twimg.com/media/BnG9BJ7IAAA2ww9.jpg
459766742516899840,2014-04-25 18:51:48,RT @500px: Happy World Penguin Day! (Photo by Tony Beck: http://t.co/HTqaYm2psh) via @500px #cute http://t.co/zN0yG9IHYi,http://pbs.twimg.com/media/BmFiR-HIMAA_bpQ.jpg
458624004845096960,2014-04-22 15:10:58,Happy #EarthDay @JillFehr @AnnaGetty @christianawyly @SamataAngel @AmourVert @globalgreen @C2Ccertified @casinclair http://t.co/SQS7rUtPPF,http://pbs.twimg.com/media/Bl1cGhjCcAE2_Gk.jpg
456069402900058112,2014-04-15 13:59:53,Stunning unisex Game of Thrones evoking @JohnHardy_Bali recycled silver bracelets @C2Ccertified #FierceFashion talk. http://t.co/HAFFePlaM3,http://pbs.twimg.com/media/BlRIsyLIEAAPphj.jpg
456059398969122816,2014-04-15 13:20:08,RT @ecofabulous: William McDonough is talking about #FierceFashion at CFDA. Let's do more good! http://t.co/FtJuOO4UuX,http://pbs.twimg.com/media/BlQ_gWXIIAASfDD.jpg
454485728462774272,2014-04-11 05:06:56,RT @VEEV: No better #coachella pregame than drinking @VEEV on @virginamerica! Complete bliss! RT if you agree!! http://t.co/J5Oud9GFcF,http://pbs.twimg.com/media/Bk6IJ7UCcAE1lVc.jpg
447085477867569152,2014-03-21 19:00:59,RT @ecofabulous: Thankful that @SmartyHealth has been energizing us all week @ted. #TED2014 http://t.co/nwPt2pUBFq,http://pbs.twimg.com/media/BjRdnCOIUAALZKK.jpg
446373763312263168,2014-03-19 19:52:53,Goose bumps at #TED2014. First dance on a bionic limb after the Boston bombing took her leg! http://t.co/2w8BXqSElW,http://pbs.twimg.com/media/BjHWkpcIYAAd8it.jpg
446363478191013889,2014-03-19 19:12:00,RT @marcfmath: LarryPage interviewed by CharlieRose #TED2014: 'we need revolutionary change not incremental change' http://t.co/EH2cfAD4Jl,http://pbs.twimg.com/media/BjHKz40IcAAP-v8.jpg
446356109453193216,2014-03-19 18:42:44,"Charlie Rose interviewing Larry Page Larry ""neuroscience is influencing computer science"". #ted2014 http://t.co/TyWVufNHbX",http://pbs.twimg.com/media/BjHGhDcIIAA76ZH.jpg
445741191733460993,2014-03-18 01:59:16,RT @kvox: Wonderful to see #Malala (from UK). Message to girls: 'believe in yourself.' #TED2014 http://t.co/3JzLndUwxY,http://pbs.twimg.com/media/Bi-W_EnCUAE1LYz.jpg
439077247253626880,2014-02-27 16:39:08,Fantastic show by @thelittleidiot (Moby) last night for @globalgreen. @MaggieGrace &amp; me enjoying the #vegan cuisine http://t.co/seBuw8LsKQ,http://pbs.twimg.com/media/Bhfqbg8CMAEhZUX.jpg
425425841003044864,2014-01-21 00:33:19,#TofuBoss tested out the 1st @C2Ccertified stuffed animal. Gustav passes the chew test! #cradletocradle #ecodog http://t.co/uAj4EIDATx,http://pbs.twimg.com/media/BedqjFnCYAA5B_6.jpg
414985407546130432,2013-12-23 05:06:45,#EcoFashion makes a splash at Westfield in SF with the @AmourVert   #popupshop http://t.co/irC4UEVhaC,http://pbs.twimg.com/media/BcJTB3_CEAAqFKg.jpg
412848363030065152,2013-12-17 07:34:54,"RT @HoneywellBuild: Off the grid but always on: #microgrids provide secure, reliable energy &amp; minimize outages. http://t.co/vJ6OoCYiLK",http://pbs.twimg.com/media/BbOrSMcCUAEdznQ.jpg
408768016600416256,2013-12-06 01:21:04,"12k Lean In circles in 50 countries. @sherylsandberg ""No one asks a man how they do it all"" #TEDWomen http://t.co/0QgFDJc5L8",http://pbs.twimg.com/media/Baw8WGPCcAAxKSA.jpg
408763938579288064,2013-12-06 01:04:52,RT @sarahgranger: The first women drummers in Rwanda. http://t.co/7ZUEXguzGK #TEDWomen http://t.co/bfmzgKi49U,http://pbs.twimg.com/media/Baw4hlpCUAAeihH.jpg
408742588171051008,2013-12-05 23:40:01,Open-hearted S African enviro-activist Boyd Varty dedicates his #TEDWomen talk to Nelson Mandela and his passing. http://t.co/MX4rbDFmEN,http://pbs.twimg.com/media/BawlN9vCcAAOA7D.jpg
408730918405152768,2013-12-05 22:53:39,Job jars helped shape leadership &amp; negotiating skills of sis CEOs Maggie Wilderotter &amp; Denise Morrison #TEDWomen http://t.co/zQ9oBLxj46,http://pbs.twimg.com/media/BawamsaCYAAVEmB.jpg
408698250300903424,2013-12-05 20:43:50,"Rocket scientist Dava Newman showing her super hot performance space suit that uses ""elegant math"" #tedwomen http://t.co/Q8y17Ac3pC",http://pbs.twimg.com/media/Bav85KCCAAAXD0z.jpg
401270337196662784,2013-11-15 08:47:58,Toasting Dean Kamen's Humanitarian Award with a glass of #slingshot hydration. CC @nadineweil http://t.co/P03XonAAVb,http://pbs.twimg.com/media/BZGZPtxCMAEhc9t.jpg
399779249495617538,2013-11-11 06:02:55,Celebrating #twitter. Cc @ev @sippey http://t.co/2vIxudaK3i,http://pbs.twimg.com/media/BYxNG-vCEAA_ThI.jpg
398306173591384065,2013-11-07 04:29:26,Quenching my thirst for great design w/ beautiful @somawater carafe @LeviStraussCo #madeofprogress dinner. http://t.co/efPtUHDmuL,http://pbs.twimg.com/media/BYcRWrvCQAAB8UI.jpg
388997551589818368,2013-10-12 12:00:18,thank everyone 4 making @globalgreen #greengatsby a success! Roaring 20's looks good @MaggieGrace &amp; @rosariodawson http://t.co/Svg2Si1iJ4,http://pbs.twimg.com/media/BWX_NkgCIAAyirY.jpg
388383193016987649,2013-10-10 19:19:03,#OnMobile13 #zeetings presenting... They apply technology to increase engagement at conferences. http://t.co/S9RPqLVWL4,http://pbs.twimg.com/media/BWPQdMuCIAAIQ3h.jpg
388370500541353984,2013-10-10 18:28:37,Analytics without coding... Checking out the simplicity of @ArtisanMobile @alwayson #OnMobile13 http://t.co/FO0oLyOy7n,http://pbs.twimg.com/media/BWPE6ZaCYAAu7rL.jpg
388366845570338817,2013-10-10 18:14:06,At this Foxy theatre to meet other @alwayson media #PowerPlayers and see who made the top CEO list. http://t.co/zc1OEhuqju,http://pbs.twimg.com/media/BWPBlpkCMAAm06i.jpg
349879079387938816,2013-06-26 13:17:27,Holy crap...on the #FordTrends greening tour w/ @heydoyou &amp; @iamvr7 &amp; 1 of the trucks crashed. http://t.co/5yOm01zRcR,http://pbs.twimg.com/media/BNsFK0HCQAE0KUh.jpg
349289810210480128,2013-06-24 22:15:55,Talking about thinking small at Henry @Ford Museum w/ @karensolomon99 &amp; @gaybrowne #connectford http://t.co/zplVrH97S2,http://pbs.twimg.com/media/BNjtO1XCYAAWmZg.jpg
348139329165594626,2013-06-21 18:04:19,Walking the slack line @dwell #DOD13. Not designing interiors this year so getting to really enjoy the fab show! http://t.co/2J8255Lujo,http://pbs.twimg.com/media/BNTW4BfCEAAmm5-.jpg
340183442706808832,2013-05-30 19:10:27,Caught photog @ricksmolan insta-editing @allthingsd. Love this technophile. #d11 http://t.co/gFbAcaJAhr,http://pbs.twimg.com/media/BLiTCe2CQAAFako.jpg
339940401945378816,2013-05-30 03:04:42,ZEV credits were designed to move auto mfgrs away from gas engines that emit toxic gasses @elonmusk #d11 http://t.co/8iPW3btE7R,http://pbs.twimg.com/media/BLe1_pcCAAE0gOv.jpg
339802592915881984,2013-05-29 17:57:06,"Vibratory hammer 4 pylons = no concrete needed. Staggering # of ""1st of kind"" technologies by @BrightSource #Ivanpah http://t.co/aBerYfww8a",http://pbs.twimg.com/media/BLc4qG0CAAAHOnv.jpg
339795706560790528,2013-05-29 17:29:44,Sad i won't c tortoises #Ivanpah worked hard to protect. 173 found on site &amp; translocated. Over $20mm invested http://t.co/wprOpKGqf6,http://pbs.twimg.com/media/BLcyZRJCQAA19YS.jpg
339787656223399938,2013-05-29 16:57:45,The water to generate steam for #Ivanpah originally comes from 2 on-site wells but water recycling is very efficient http://t.co/u2foEx9KL6,http://pbs.twimg.com/media/BLcrErTCIAArG76.jpg
339785786755002368,2013-05-29 16:50:19,Odd that climbing #Ivanpah tower to view majestic heliostat fields felt similar to climbing Eiffel Tower 1st time? http://t.co/4Q6ps0Le6w,http://pbs.twimg.com/media/BLcpX2_CMAAJ46k.jpg
339585836418990080,2013-05-29 03:35:47,.@Schwarzenegger raves about #Ivanpah project &amp; about #FutureOfEnergy. Saying rest of country needs to follow CA http://t.co/BoHKqC0W05,http://pbs.twimg.com/media/BLZzhN8CAAAbiWy.jpg
339584384938172416,2013-05-29 03:30:01,"George Shultz ""Natural gas = blessing but alternative energy needs 2 b nurtured! What's not to like?"" #FutureOfEnergy http://t.co/ZR4pQzIm9A",http://pbs.twimg.com/media/BLZyMuwCYAEcF_Y.jpg
329637533464031233,2013-05-01 16:44:47,High energy exchanges at #FortuneGreen with @robynbeavers &amp; @nrgenergy CEO David Crane. http://t.co/9gEnnUAxKd,http://pbs.twimg.com/media/BJMblxdCcAEWeIf.jpg
329596153698078721,2013-05-01 14:00:21,"Feeling fortunate to know such inspiring solution peeps! @billmcdonough, Dean Kamen &amp; @robynbeavers #fortunegreen http://t.co/mRDgoYKF40",http://pbs.twimg.com/media/BJL19J0CUAA5EEo.jpg
328702577975885826,2013-04-29 02:49:36,Dean designed the ultimate behind the meter inhome generator that works w/ solar &amp; devices like @Nest! #fortunegreen http://t.co/K0yVnz4vwW,http://pbs.twimg.com/media/BI_JQM2CAAMHM22.jpg
328700474171748352,2013-04-29 02:41:14,Dean Kamen unveils the @nrgenergy stirling box @brainstormgreen #fortunegreen http://t.co/EsdemckurP,http://pbs.twimg.com/media/BI_HVvkCcAAAvGr.jpg
328698614765457410,2013-04-29 02:33:51,Dean Kamen is attempting to explain thermal dynamics at #fortunegreen. Stirling: they 3D printed internal parts! http://t.co/FLH9Blzh5m,http://pbs.twimg.com/media/BI_FpgvCEAErRKt.jpg
325072935498956800,2013-04-19 02:26:42,"Butterfly-themed gala @calacademy. @billmcdonough speaking to us ""regenerates"" about his new book The #Upcycle. http://t.co/ZGvTNU7flv",http://pbs.twimg.com/media/BILkHM8CQAE8hDa.jpg
314630122961518592,2013-03-21 06:50:41,Under the veil with @sippey at the extraordinary #GameofThrones premiere. http://t.co/JFX9k7xYzR,http://pbs.twimg.com/media/BF3KbgsCQAIdETa.jpg
311916373167185921,2013-03-13 19:07:13,"yes, coveting this reversible linen sweater @EILEENFISHER #EFPReco http://t.co/RvV2L9bzH2",http://pbs.twimg.com/media/BFQlyPACQAIL1lv.jpg
309200711676227585,2013-03-06 07:16:08,"‚Äú@mkaufmann: Ok, this is a game changer.  Hello, future. #ifihadglass http://t.co/WUA9YavlKz‚Äù love it!!",http://pbs.twimg.com/media/BEIIbP1CUAAP82r.jpg
294652934392774657,2013-01-25 03:48:29,My new obsession = @numitea #organic savory tea! So satisfying! http://t.co/iYDgxGng,http://pbs.twimg.com/media/BBbRSF9CAAEJpZh.jpg
294474612379623425,2013-01-24 15:59:53,"I love Portugal...help! ‚Äú@EloniMedia: Ericeria, Portugal = surf reserve, yet pollution. Surfrider here help #im13flyin http://t.co/hoiN65KC‚Äù",http://pbs.twimg.com/media/BBYtPtyCMAAYONd.jpg
268853094052417538,2012-11-14 23:09:07,Me too!! ‚Äú@C2Ccertified: Vivvi Orrason prefers C2C #preferc2c http://t.co/A94Nus9O‚Äù,http://pbs.twimg.com/media/A7soAedCEAExkTZ.jpg
267325715307962368,2012-11-10 17:59:52,"Dining, dealing &amp; cuddling on the porch of #MurrayCircle @CavalloPoint! W/ Mike Freed &amp; @Margaret_OLeary http://t.co/ROeblQYL",http://pbs.twimg.com/media/A7W7UlzCIAA9lUy.jpg
254069720611975169,2012-10-05 04:05:16,RT @TinaSharkey: @FoSTorg @rachelshechtman @zem kicking off #FoST http://t.co/U4k9uW3J,http://pbs.twimg.com/media/A4Z1riMCUAIbwtc.jpg
241635585465405440,2012-08-31 20:36:28,"Indulging in a delicious,  local @numitea jasmine gelato bar @wholefoods w/ @portergale #happy http://t.co/IqIdOvsK",http://pbs.twimg.com/media/A1p2SOVCUAAIi83.jpg
241000351254319107,2012-08-30 02:32:16,"Acid, sweetness, spice, salt r flavors we respond to - @chefmichaelmina teaching #creativelounge w/ @RandiZuckerberg http://t.co/ArTJ4QZD",http://pbs.twimg.com/media/A1g0iufCEAA0j8m.jpg
240996617593966593,2012-08-30 02:17:26,Hungry for @ChefMichaelMina @RandiZuckerberg #CreativeLounge tonite! http://t.co/c88SQTlo,http://pbs.twimg.com/media/A1gxJZgCUAEa2oI.jpg
224209328658317313,2012-07-14 18:30:44,So glad I met u ladies. I'll miss u! #EvoConf @loveheckerty @mamalode  @kerryngerety @dgilels @mamalodesarah #evoconf http://t.co/jiDDujJs,http://pbs.twimg.com/media/Axp2SnCCMAAv0JS.jpg
223881032879980546,2012-07-13 20:46:13,Mom &amp; daughter pro makeup artists &amp; bloggers @naturesknockout &amp; @makeupbytiff making their @eBayGreen boards #EvoConf http://t.co/fmtiKjyt,http://pbs.twimg.com/media/AxtinP1CQAAbnET.jpg
223850303626289152,2012-07-13 18:44:06,Nifty nail polish that beautifully coordinates with the @eBayGreen @TRTLBOT blue recycled blue iPhone case #EvoConf http://t.co/K0aO57F6,http://pbs.twimg.com/media/AxtGqkbCIAEIAXM.jpg
223831822142939138,2012-07-13 17:30:40,One of the most cutting edge tattoos I've ever seen &amp; this is Utah baby! nice @ranfam4! #EvoConf http://t.co/3IX4uQh1,http://pbs.twimg.com/media/Axs12ziCIAAfjrI.jpg
223823739442302976,2012-07-13 16:58:33,One of my @eBayGreen @pinterest fave outfits #ebaygreenstyled by 9 &amp; 10 yr old fashionistas! #EvoConf http://t.co/JwLhlnp3,http://pbs.twimg.com/media/AxsugVJCEAAYhB-.jpg
223822686143524864,2012-07-13 16:54:22,"Totobebe co-founder @jkaplun tweeting on her new @eBayGreen @TRTLBOT recycled, LA-made iPhone case! #EvoConf http://t.co/ELUa4pV3",http://pbs.twimg.com/media/AxstjBSCMAAVaFc.jpg
223621193591304192,2012-07-13 03:33:42,in the Disney suite @EvoConf @loveheckerty @mamalode  @kerryngerety @dgilels @mamalodesarah #evoconf http://t.co/jiDDujJs,http://pbs.twimg.com/media/Axp2SnCCMAAv0JS.jpg
223600907261181953,2012-07-13 02:13:05,We r serving up @popartsnacks in the @eBayGreen suite @EvoConf in Utah. #EvoConf yum!! http://t.co/CgDJA1kE,http://pbs.twimg.com/media/Axpj1ylCAAAoYjY.jpg
216700848875634688,2012-06-24 01:14:43,"RT @tikitosca: With @zem at the @ecofabulous @livinghomes show house at #DOD12 - super cool, amazing designs! http://t.co/UsD6kzr9",http://pbs.twimg.com/media/AwG3BPTCMAE6eEF.jpg
207559194172334080,2012-05-29 19:49:02,RT @Kred: Talking @highlight with the #KredCrew http://t.co/e5sUWh7A,http://pbs.twimg.com/media/AuFl57XCIAEfiYi.jpg
207328646111821824,2012-05-29 04:32:55,RT @elonmusk: Space Station tracking spaceship docking approach vector  #Dragon http://t.co/CetZfiNg,http://pbs.twimg.com/media/AtxHZblCEAAkZVI.jpg
199209632957337600,2012-05-06 18:50:53,Visiting CEO Neil Grimer at the delicious @plumorganics #MayPam booth http://t.co/DkNwkPfb,http://pbs.twimg.com/media/AsO8GxCCEAEtb2s.jpg
194089778382254080,2012-04-22 15:46:23,"RT @JulieGilhart: ""In the arms of the ocean, never let me go.""
#Earth Day. @MissionMermaids @SeafoodWatch @oceania http://t.co/qflwIf7b",http://pbs.twimg.com/media/ArFvJ01CMAII4Tf.jpg
193165312114425856,2012-04-20 02:32:54,Inventor Dean Kamen inspiring attendees of the @calacademy #BigBangGala http://t.co/b2cOgl2c,http://pbs.twimg.com/media/Aq5C0_PCAAAFQKx.jpg
193058580348416003,2012-04-19 19:28:47,"Loving the sustainable seafood & local, organic produce here @ebay HQ! #earthday celebration underway here big time http://t.co/FRLd2bmR",http://pbs.twimg.com/media/Aq3hwYcCMAAfMmD.jpg
193038805111025664,2012-04-19 18:10:13,Swag goes #green @ebay HQ. @ebaygreen #eathday education & inspiration day! http://t.co/QcBkq6Zh,http://pbs.twimg.com/media/Aq3PxT7CMAEmJHG.jpg
193038099595538432,2012-04-19 18:07:24,"Join a CSA's - getting #organic food delivered right to their desk, as @ebay works to be the greenest co in the valley http://t.co/MoKp4hfY",http://pbs.twimg.com/media/Aq3PIPsCMAA8SCg.jpg
192410898529394688,2012-04-18 00:35:08,Dinner w/ @billmcdonough always makes me smile. He couldn't stop talking about loving the children. #FORTUNEGreen http://t.co/UFlvolzJ,http://pbs.twimg.com/media/AquUsVpCIAAZWJ2.jpg
191510731185856512,2012-04-15 12:58:11,"#organic at the airport & in most lodges & restaurants in the Osa, Costa Rica. Conservation awareness much higher! http://t.co/bgX830SZ",http://pbs.twimg.com/media/Aqhh_s-CIAEHX7B.jpg
184469369152212993,2012-03-27 02:38:20,Vijay Vaitheeswaran at his launch party of #NeedSpeedandGreed - how the new rules of innovation can transform biz http://t.co/mTi2PLwH,http://pbs.twimg.com/media/Ao9d6fTCEAATwHK.jpg
182736288254918656,2012-03-22 07:51:41,"Loved hearing about Jean Paul Gautier's SF exhibit from @ditavonteese &amp; Gautier himself, #amazeballs http://t.co/sT4GLKQF",http://pbs.twimg.com/media/Aok1r52CAAEmuxT.jpg
182294290184146945,2012-03-21 02:35:20,"Yes, the #Prius plugin hybrid said I was getting 99.9 miles per gallon!!! http://t.co/pWfLEZ91",http://pbs.twimg.com/media/AoejsOvCEAE7kGB.jpg
182292266218557441,2012-03-21 02:27:18,Excited to begin my month long test drive of #prius plugin #hybrid. It will b fun 2 compare 2 my @Audi A3 clean diesel http://t.co/wQAOz8RF,http://pbs.twimg.com/media/Aoeh2a2CEAAGEd_.jpg
